channel,budget,total_campaign_revenue,CER,ROI
Referral,32303.18,3513189.7199999997,0.01,10776%
Google,34342.46,3700201.29,0.01,10674%
Meta,55519.72,3619791.4699999997,0.02,6420%
Influencer,88940.53,3548973.6799999997,0.03,3890%
